Modele,Ventes,Part de marché
Renault Clio IV,117541,5.5999999999999996
Peugeot 208 I,97663,4.5999999999999996
Peugeot 3008 II,74297,3.5
Renault Captur,68773,3.2999999999999998
Peugeot 2008 I,67979,3.2000000000000002
Citroën C3 III,67276,3.2000000000000002
Peugeot 308 II,66163,3.1000000000000001
Dacia Sandero II,61481,2.8999999999999999
Renault Mégane IV,51536,2.3999999999999999
Renault Twingo III,39022,1.8